;             
CREATE USER IF NOT EXISTS ROOT SALT '6bc47ddbd6fdfcf5' HASH 'e3eb12df3103ddef2e56d21d997d2504bec4a89af496f21b43df6181c5e1fe94' ADMIN;         
CREATE SEQUENCE PUBLIC.SYSTEM_SEQUENCE_55474BB1_BB87_4169_AA62_0A5274018D2D START WITH 1 BELONGS_TO_TABLE;    
CREATE SEQUENCE PUBLIC.SYSTEM_SEQUENCE_EED936D8_B2C0_45FF_9C43_0B0888421E0E START WITH 1 BELONGS_TO_TABLE;    
CREATE SEQUENCE PUBLIC.SYSTEM_SEQUENCE_BD459F9F_B1D9_495F_9C9E_5F0F3D81249E START WITH 1 BELONGS_TO_TABLE;    
CREATE SEQUENCE PUBLIC.SYSTEM_SEQUENCE_B62A8229_3B10_4215_ACAE_6C842028F443 START WITH 1 BELONGS_TO_TABLE;    
CREATE SEQUENCE PUBLIC.SYSTEM_SEQUENCE_2EC72B56_9F48_4829_82BA_671658180424 START WITH 1 BELONGS_TO_TABLE;    
CREATE SEQUENCE PUBLIC.SYSTEM_SEQUENCE_983A7149_C738_4D8F_8FAB_B86C98160684 START WITH 1 BELONGS_TO_TABLE;    
CREATE SEQUENCE PUBLIC.SYSTEM_SEQUENCE_330DD53A_19EE_44F3_B056_2EB8CD091ED5 START WITH 1 BELONGS_TO_TABLE;    
CREATE SEQUENCE PUBLIC.SYSTEM_SEQUENCE_EE040446_9B32_40C9_82DC_36B01A280A5B START WITH 2 BELONGS_TO_TABLE;    
CREATE SEQUENCE PUBLIC.SYSTEM_SEQUENCE_7CEA7946_3DE0_48EE_82EA_A6F9DDCEC451 START WITH 1 BELONGS_TO_TABLE;    
CREATE SEQUENCE PUBLIC.SYSTEM_SEQUENCE_70EA1675_555B_4DD0_B839_9BE22C582AE7 START WITH 1 BELONGS_TO_TABLE;    
CREATE SEQUENCE PUBLIC.SYSTEM_SEQUENCE_57443F59_E6CB_4810_8E77_C575C2BD34CA START WITH 1 BELONGS_TO_TABLE;    
CREATE SEQUENCE PUBLIC.SYSTEM_SEQUENCE_613ECE2E_6BD1_406B_A7B7_4F664B425FDD START WITH 1 BELONGS_TO_TABLE;    
CREATE SEQUENCE PUBLIC.SYSTEM_SEQUENCE_6C290A52_A5FA_4D2F_8FD8_4E7D6DD45803 START WITH 16 BELONGS_TO_TABLE;   
CREATE SEQUENCE PUBLIC.SYSTEM_SEQUENCE_1A0CB510_65F8_4D73_AF31_8968595F8846 START WITH 1 BELONGS_TO_TABLE;    
CREATE SEQUENCE PUBLIC.SYSTEM_SEQUENCE_C5BBBFB8_82F6_44CE_956E_2C8DFEE5E89F START WITH 1 BELONGS_TO_TABLE;    
CREATE SEQUENCE PUBLIC.SYSTEM_SEQUENCE_DDBA42AF_C355_4354_A8A4_823F45C88397 START WITH 1 BELONGS_TO_TABLE;    
CREATE SEQUENCE PUBLIC.SYSTEM_SEQUENCE_52EDEADC_4109_41E5_A402_627794E7B127 START WITH 1 BELONGS_TO_TABLE;    
CREATE SEQUENCE PUBLIC.SYSTEM_SEQUENCE_996EA748_ACFA_4A2A_AF36_4F42060165FA START WITH 1 BELONGS_TO_TABLE;    
CREATE SEQUENCE PUBLIC.SYSTEM_SEQUENCE_45AD9F58_2425_4AB9_80E2_80F9E5033FC6 START WITH 3 BELONGS_TO_TABLE;    
CREATE SEQUENCE PUBLIC.SYSTEM_SEQUENCE_C543A082_F804_4AB4_8375_6CE11662CA27 START WITH 1 BELONGS_TO_TABLE;    
CREATE SEQUENCE PUBLIC.SYSTEM_SEQUENCE_048A6A64_26D3_4AF8_B844_18E150354D44 START WITH 1 BELONGS_TO_TABLE;    
CREATE SEQUENCE PUBLIC.SYSTEM_SEQUENCE_12D585AC_11F2_4E78_9787_1D79204E57F4 START WITH 1 BELONGS_TO_TABLE;    
CREATE SEQUENCE PUBLIC.SYSTEM_SEQUENCE_CFACCBC0_A4FA_433B_84A9_C61FD61D74B9 START WITH 1 BELONGS_TO_TABLE;    
CREATE SEQUENCE PUBLIC.SYSTEM_SEQUENCE_A5730752_B95B_4AA6_816D_345407C9F26B START WITH 1 BELONGS_TO_TABLE;    
CREATE SEQUENCE PUBLIC.SYSTEM_SEQUENCE_E0149AFA_7F63_4EBC_9946_6E563F3E286E START WITH 1 BELONGS_TO_TABLE;    
CREATE SEQUENCE PUBLIC.SYSTEM_SEQUENCE_4D5B9222_3463_4CAE_9521_BDF0681E67AE START WITH 16 BELONGS_TO_TABLE;   
CREATE SEQUENCE PUBLIC.SYSTEM_SEQUENCE_BD70113E_C09A_4AEB_91BF_9979528E9985 START WITH 1 BELONGS_TO_TABLE;    
CREATE SEQUENCE PUBLIC.SYSTEM_SEQUENCE_C7684DCA_E9F6_4EF8_BB8E_B61781BF9E88 START WITH 1 BELONGS_TO_TABLE;    
CREATE SEQUENCE PUBLIC.SYSTEM_SEQUENCE_8102AA49_5314_44BC_9FA2_6D420FB0998E START WITH 26 BELONGS_TO_TABLE;   
CREATE SEQUENCE PUBLIC.SYSTEM_SEQUENCE_78396724_CB47_4490_9503_AA9719FB1451 START WITH 1 BELONGS_TO_TABLE;    
CREATE SEQUENCE PUBLIC.SYSTEM_SEQUENCE_0C44A0AB_B155_45D4_BE79_1085E5B5D3A4 START WITH 1 BELONGS_TO_TABLE;    
CREATE SEQUENCE PUBLIC.SYSTEM_SEQUENCE_CC1A9C94_0043_4608_B277_CDE67F6521F0 START WITH 1 BELONGS_TO_TABLE;    
CREATE SEQUENCE PUBLIC.SYSTEM_SEQUENCE_59F40DC1_D27B_4A4D_B513_B45F8C9CFF9D START WITH 12 BELONGS_TO_TABLE;   
CREATE SEQUENCE PUBLIC.SYSTEM_SEQUENCE_0F1D6A09_F30B_4F64_A52E_AF04E25FCFA7 START WITH 1 BELONGS_TO_TABLE;    
CREATE SEQUENCE PUBLIC.SYSTEM_SEQUENCE_B17D0AE1_57C7_43F1_87E1_652C99B5370E START WITH 1 BELONGS_TO_TABLE;    
CREATE SEQUENCE PUBLIC.SYSTEM_SEQUENCE_B70B8538_0C11_4104_9598_01BA2CBD572F START WITH 1 BELONGS_TO_TABLE;    
CREATE SEQUENCE PUBLIC.SYSTEM_SEQUENCE_D3376BA7_CE79_4013_8FB2_27BB38D22094 START WITH 1 BELONGS_TO_TABLE;    
CREATE SEQUENCE PUBLIC.SYSTEM_SEQUENCE_0E490285_498E_40E8_9FAF_D859D117E135 START WITH 26 BELONGS_TO_TABLE;   
CREATE SEQUENCE PUBLIC.SYSTEM_SEQUENCE_3B6DE9CD_1E0D_49B0_90BA_F1EA31C62DB3 START WITH 1 BELONGS_TO_TABLE;    
CREATE SEQUENCE PUBLIC.SYSTEM_SEQUENCE_AE44985A_BDF9_41C9_9092_79463EB8B440 START WITH 1 BELONGS_TO_TABLE;    
CREATE SEQUENCE PUBLIC.SYSTEM_SEQUENCE_67E8645A_3F87_4C1F_B6E8_92B6D01BD92A START WITH 12 BELONGS_TO_TABLE;   
CREATE SEQUENCE PUBLIC.SYSTEM_SEQUENCE_06AAE996_2414_4714_8C10_9E2FED6E6513 START WITH 1 BELONGS_TO_TABLE;    
CREATE SEQUENCE PUBLIC.SYSTEM_SEQUENCE_FAFD2203_A2E0_4754_AE38_04FF79BB9C08 START WITH 1 BELONGS_TO_TABLE;    
CREATE SEQUENCE PUBLIC.SYSTEM_SEQUENCE_CBD5E0A0_268D_46C7_8B14_827A496C7B98 START WITH 1 BELONGS_TO_TABLE;    
CREATE SEQUENCE PUBLIC.SYSTEM_SEQUENCE_8C640C41_34E3_4CD8_945F_501529476051 START WITH 1 BELONGS_TO_TABLE;    
CREATE CACHED TABLE PUBLIC.USER COMMENT 'The User is a human that can connect to this web application'(
    ID INT DEFAULT (NEXT VALUE FOR PUBLIC.SYSTEM_SEQUENCE_2EC72B56_9F48_4829_82BA_671658180424) NOT NULL NULL_TO_DEFAULT SEQUENCE PUBLIC.SYSTEM_SEQUENCE_2EC72B56_9F48_4829_82BA_671658180424,
    LOGIN VARCHAR(100) NOT NULL COMMENT 'The login used to login',
    PASSWORD VARCHAR(100) NOT NULL,
    EMAIL VARCHAR(100),
    IS_ENABLED BOOL DEFAULT TRUE NOT NULL,
    CIVILITY CHAR(2) DEFAULT 'MR',
    COUNTRY_CODE VARCHAR(6) DEFAULT '+33',
    FIRST_NAME VARCHAR(100),
    LAST_NAME VARCHAR(100),
    CREATION_DATE TIMESTAMP,
    CREATION_AUTHOR VARCHAR(200),
    LAST_MODIFICATION_DATE TIMESTAMP,
    LAST_MODIFICATION_AUTHOR VARCHAR(200),
    VERSION INT DEFAULT 0
);           
ALTER TABLE PUBLIC.USER ADD CONSTRAINT PUBLIC.CONSTRAINT_2 PRIMARY KEY(ID);   
-- 1 +/- SELECT COUNT(*) FROM PUBLIC.USER;    
INSERT INTO PUBLIC.USER(ID, LOGIN, PASSWORD, EMAIL, IS_ENABLED, CIVILITY, COUNTRY_CODE, FIRST_NAME, LAST_NAME, CREATION_DATE, CREATION_AUTHOR, LAST_MODIFICATION_DATE, LAST_MODIFICATION_AUTHOR, VERSION) VALUES
(-1, 'admin', 'admin', 'admin@example.com', TRUE, 'MR', '+33', NULL, NULL, NULL, NULL, NULL, NULL, 1);      
CREATE CACHED TABLE PUBLIC.PASSPORT(
    ID INT DEFAULT (NEXT VALUE FOR PUBLIC.SYSTEM_SEQUENCE_048A6A64_26D3_4AF8_B844_18E150354D44) NOT NULL NULL_TO_DEFAULT SEQUENCE PUBLIC.SYSTEM_SEQUENCE_048A6A64_26D3_4AF8_B844_18E150354D44,
    PASSPORT_NUMBER VARCHAR(100) NOT NULL,
    EXPIRATION_DATE DATE,
    HOLDER_ID INT NOT NULL
);   
ALTER TABLE PUBLIC.PASSPORT ADD CONSTRAINT PUBLIC.CONSTRAINT_7 PRIMARY KEY(ID);               
-- 0 +/- SELECT COUNT(*) FROM PUBLIC.PASSPORT;
CREATE CACHED TABLE PUBLIC.ROLE(
    ID INT DEFAULT (NEXT VALUE FOR PUBLIC.SYSTEM_SEQUENCE_A5730752_B95B_4AA6_816D_345407C9F26B) NOT NULL NULL_TO_DEFAULT SEQUENCE PUBLIC.SYSTEM_SEQUENCE_A5730752_B95B_4AA6_816D_345407C9F26B,
    ROLE_NAME VARCHAR(100) NOT NULL
);     
ALTER TABLE PUBLIC.ROLE ADD CONSTRAINT PUBLIC.CONSTRAINT_26 PRIMARY KEY(ID);  
-- 3 +/- SELECT COUNT(*) FROM PUBLIC.ROLE;    
INSERT INTO PUBLIC.ROLE(ID, ROLE_NAME) VALUES
(-3, 'ROLE_MONITORING'),
(-2, 'ROLE_USER'),
(-1, 'ROLE_ADMIN');              
CREATE CACHED TABLE PUBLIC.USER_ROLE(
    USER_ID INT NOT NULL,
    ROLE_ID INT NOT NULL
);
ALTER TABLE PUBLIC.USER_ROLE ADD CONSTRAINT PUBLIC.CONSTRAINT_B PRIMARY KEY(USER_ID, ROLE_ID);
-- 3 +/- SELECT COUNT(*) FROM PUBLIC.USER_ROLE;               
INSERT INTO PUBLIC.USER_ROLE(USER_ID, ROLE_ID) VALUES
(-1, -1),
(-1, -2),
(-1, -3);        
CREATE CACHED TABLE PUBLIC.AUTHOR COMMENT 'Author has various dates for demo'(
    ID INT DEFAULT (NEXT VALUE FOR PUBLIC.SYSTEM_SEQUENCE_0C44A0AB_B155_45D4_BE79_1085E5B5D3A4) NOT NULL NULL_TO_DEFAULT SEQUENCE PUBLIC.SYSTEM_SEQUENCE_0C44A0AB_B155_45D4_BE79_1085E5B5D3A4,
    CIVILITY CHAR(2) DEFAULT 'MR',
    FIRST_NAME VARCHAR(100) NOT NULL,
    LAST_NAME VARCHAR(100),
    EMAIL VARCHAR(100),
    BIRTH_DATE DATE,
    BIRTH_DATE_TIME TIMESTAMP,
    FAVORITE_AUTHOR_ID INT
);         
ALTER TABLE PUBLIC.AUTHOR ADD CONSTRAINT PUBLIC.CONSTRAINT_73 PRIMARY KEY(ID);
-- 28 +/- SELECT COUNT(*) FROM PUBLIC.AUTHOR; 
INSERT INTO PUBLIC.AUTHOR(ID, CIVILITY, FIRST_NAME, LAST_NAME, EMAIL, BIRTH_DATE, BIRTH_DATE_TIME, FAVORITE_AUTHOR_ID) VALUES
(-28, 'MR', 'Jim', 'Morrison', NULL, NULL, NULL, NULL),
(-27, 'MR', 'Bob', 'Dylan', NULL, NULL, NULL, NULL),
(-26, 'MR', 'Charlie', 'Watts', NULL, NULL, NULL, NULL),
(-25, 'MR', 'Mick', 'Jagger', NULL, NULL, NULL, NULL),
(-24, 'MR', 'Bob', 'Sponge', NULL, NULL, NULL, NULL),
(-23, 'MR', 'Alice', 'Bee', NULL, NULL, NULL, NULL),
(-22, 'MR', 'John22', 'Doe22', NULL, NULL, NULL, NULL),
(-21, 'MR', 'John21', 'Doe21', NULL, NULL, NULL, NULL),
(-20, 'MR', 'John20', 'Doe20', NULL, NULL, NULL, NULL),
(-19, 'MR', 'John19', 'Doe19', NULL, NULL, NULL, NULL),
(-18, 'MR', 'John18', 'Doe18', NULL, NULL, NULL, NULL),
(-17, 'MR', 'John17', 'Doe17', NULL, NULL, NULL, NULL),
(-16, 'MR', 'John16', 'Doe16', NULL, NULL, NULL, NULL),
(-15, 'MR', 'John15', 'Doe15', NULL, NULL, NULL, NULL),
(-14, 'MR', 'John14', 'Doe14', NULL, NULL, NULL, NULL),
(-13, 'MR', 'John13', 'Doe13', NULL, NULL, NULL, NULL),
(-12, 'MR', 'John12', 'Doe12', NULL, NULL, NULL, NULL),
(-11, 'MR', 'John11', 'Doe11', NULL, NULL, NULL, NULL),
(-10, 'MR', 'John10', 'Doe10', NULL, NULL, NULL, NULL),
(-9, 'MR', 'John09', 'Doe09', NULL, NULL, NULL, NULL),
(-8, 'MR', 'John08', 'Doe08', NULL, NULL, NULL, NULL),
(-7, 'MR', 'John07', 'Doe07', NULL, NULL, NULL, NULL),
(-6, 'MR', 'John06', 'Doe06', NULL, NULL, NULL, NULL),
(-5, 'MR', 'John05', 'Doe05', NULL, NULL, NULL, NULL),
(-4, 'MR', 'John04', 'Doe04', NULL, NULL, NULL, NULL),
(-3, 'MR', 'John03', 'Doe03', NULL, NULL, NULL, NULL),
(-2, 'MR', 'John02', 'Doe02', NULL, NULL, NULL, NULL),
(-1, 'MR', 'John01', 'Doe01', NULL, NULL, NULL, NULL);      
CREATE CACHED TABLE PUBLIC.BOOK COMMENT 'BOOK supports file upload/download for demo'(
    ID INT DEFAULT (NEXT VALUE FOR PUBLIC.SYSTEM_SEQUENCE_B62A8229_3B10_4215_ACAE_6C842028F443) NOT NULL NULL_TO_DEFAULT SEQUENCE PUBLIC.SYSTEM_SEQUENCE_B62A8229_3B10_4215_ACAE_6C842028F443,
    TITLE VARCHAR(100) NOT NULL,
    SUMMARY VARCHAR(255),
    EXTRACT_BINARY BYTEA,
    EXTRACT_FILE_NAME VARCHAR(100),
    EXTRACT_CONTENT_TYPE VARCHAR(100),
    EXTRACT_SIZE NUMERIC(11),
    AUTHOR_ID INT NOT NULL,
    CO_AUTHOR_ID INT,
    PUBLICATION_DATE DATE,
    BEST_SELLER BOOLEAN DEFAULT FALSE,
    PRICE DECIMAL(20, 2) NOT NULL
);     
ALTER TABLE PUBLIC.BOOK ADD CONSTRAINT PUBLIC.CONSTRAINT_1 PRIMARY KEY(ID);   
-- 14 +/- SELECT COUNT(*) FROM PUBLIC.BOOK;   
INSERT INTO PUBLIC.BOOK(ID, TITLE, SUMMARY, EXTRACT_BINARY, EXTRACT_FILE_NAME, EXTRACT_CONTENT_TYPE, EXTRACT_SIZE, AUTHOR_ID, CO_AUTHOR_ID, PUBLICATION_DATE, BEST_SELLER, PRICE) VALUES
(-14, 'Book 14', 'The Book 14', NULL, NULL, NULL, NULL, -2, NULL, NULL, TRUE, 99.00),
(-13, 'Book 13', 'The Book 13', NULL, NULL, NULL, NULL, -2, NULL, NULL, TRUE, 120.00),
(-12, 'Book 12', 'The Book 12', NULL, NULL, NULL, NULL, -1, NULL, NULL, TRUE, 90.00),
(-11, 'Book 11', 'The Book 11', NULL, NULL, NULL, NULL, -1, NULL, NULL, TRUE, 35.00),
(-10, 'Book 10', 'The Book 10', NULL, NULL, NULL, NULL, -1, NULL, NULL, TRUE, 14.00),
(-9, 'Book 9', 'The Book 9', NULL, NULL, NULL, NULL, -1, NULL, NULL, TRUE, 39.00),
(-8, 'Book 8', 'The Book 8', NULL, NULL, NULL, NULL, -1, NULL, NULL, TRUE, 27.72),
(-7, 'Book 7', 'The Book 7', NULL, NULL, NULL, NULL, -1, NULL, NULL, TRUE, 30.00),
(-6, 'Book 6', 'The Book 6', NULL, NULL, NULL, NULL, -1, NULL, NULL, TRUE, 36.30),
(-5, 'Book 5', 'The Book 5', NULL, NULL, NULL, NULL, -1, NULL, NULL, TRUE, 3.50),
(-4, 'Book 4', 'The Book 4', NULL, NULL, NULL, NULL, -1, NULL, NULL, TRUE, 4.00),
(-3, 'Book 3', 'The Book 3', NULL, NULL, NULL, NULL, -1, NULL, NULL, TRUE, 11.00),
(-2, 'Learn Angular2', 'Angular2 for beginners', NULL, NULL, NULL, NULL, -1, NULL, NULL, TRUE, 32.00),
(-1, 'Learn Angular', 'Angular for beginners', NULL, NULL, NULL, NULL, -1, NULL, NULL, FALSE, 12.34);         
CREATE CACHED TABLE PUBLIC.PROJECT(
    ID INT DEFAULT (NEXT VALUE FOR PUBLIC.SYSTEM_SEQUENCE_E0149AFA_7F63_4EBC_9946_6E563F3E286E) NOT NULL NULL_TO_DEFAULT SEQUENCE PUBLIC.SYSTEM_SEQUENCE_E0149AFA_7F63_4EBC_9946_6E563F3E286E,
    NAME VARCHAR(100) NOT NULL,
    URL VARCHAR(100),
    AUTHOR_ID INT NOT NULL,
    OPEN_SOURCE BOOLEAN DEFAULT FALSE
);           
ALTER TABLE PUBLIC.PROJECT ADD CONSTRAINT PUBLIC.CONSTRAINT_18 PRIMARY KEY(ID);               
-- 1 +/- SELECT COUNT(*) FROM PUBLIC.PROJECT; 
INSERT INTO PUBLIC.PROJECT(ID, NAME, URL, AUTHOR_ID, OPEN_SOURCE) VALUES
(-1, 'PrimeNG', 'http://www.primefaces.org/primeng/', -1, TRUE);    
CREATE CACHED TABLE PUBLIC.AUDIT(
    ID INT DEFAULT (NEXT VALUE FOR PUBLIC.SYSTEM_SEQUENCE_8C640C41_34E3_4CD8_945F_501529476051) NOT NULL NULL_TO_DEFAULT SEQUENCE PUBLIC.SYSTEM_SEQUENCE_8C640C41_34E3_4CD8_945F_501529476051,
    AUTHOR VARCHAR(256),
    EVENT VARCHAR(256),
    EVENT_DATE TIMESTAMP,
    STRING_ATTRIBUTE_1 VARCHAR(256),
    STRING_ATTRIBUTE_2 VARCHAR(256),
    STRING_ATTRIBUTE_3 VARCHAR(256)
);          
ALTER TABLE PUBLIC.AUDIT ADD CONSTRAINT PUBLIC.CONSTRAINT_3 PRIMARY KEY(ID);  
-- 0 +/- SELECT COUNT(*) FROM PUBLIC.AUDIT;   
CREATE CACHED TABLE PUBLIC.CHECK(
    ID INT DEFAULT (NEXT VALUE FOR PUBLIC.SYSTEM_SEQUENCE_4D5B9222_3463_4CAE_9521_BDF0681E67AE) NOT NULL NULL_TO_DEFAULT SEQUENCE PUBLIC.SYSTEM_SEQUENCE_4D5B9222_3463_4CAE_9521_BDF0681E67AE,
    SHORT_NAME VARCHAR(10) COMMENT 'Kurzbezeichner der Pruefregel.',
    NAME VARCHAR(80) COMMENT 'Bezeichner der Pruefregel',
    QUESTION VARCHAR(255) COMMENT 'Zentrale Fragestgellung fuer die Pruefung.',
    WHO VARCHAR(255) COMMENT 'Wer ist fuer den Check verantwortlich?',
    WHOM VARCHAR(255),
    WHEN VARCHAR(255) COMMENT 'Bis wann wird die Pruefung benoetigt.',
    WHEREBY VARCHAR(255) COMMENT 'Womit koennen die Ergebnisse ermittelt werden. Tools, Filetypes, SVN/Artifactory, etc. pp.',
    DESCRIPTION VARCHAR(2000) COMMENT 'Umfangreiche Beschreibung der Checks'
); 
ALTER TABLE PUBLIC.CHECK ADD CONSTRAINT PUBLIC.CONSTRAINT_3D PRIMARY KEY(ID); 
-- 15 +/- SELECT COUNT(*) FROM PUBLIC.CHECK;  
INSERT INTO PUBLIC.CHECK(ID, SHORT_NAME, NAME, QUESTION, WHO, WHOM, WHEN, WHEREBY, DESCRIPTION) VALUES
(1, NULL, 'Lieferanmeldung', 'CRUD Planung abgeschlossen?', 'PO', NULL, 'Anfang Sprint', 'Jira-Status/Sprintplaning', NULL),
(2, NULL, STRINGDECODE('SW Verf\u00fcgbar'), 'Sind die Artifactory-Packages vorhanden?', 'RM / ST', NULL, 'Ende Sprint', 'Artifactory', NULL),
(3, NULL, 'Release Notes', 'Liegt eine passende Release_Notes.yaml vor?', 'RM', NULL, 'Mitte Sprint', 'yaml', NULL),
(4, NULL, 'Dependencies', 'Liegt eine passende Dependencies.yaml vor?', 'RM', NULL, 'Mitte Sprint', 'yaml', NULL),
(5, NULL, 'Config EU', STRINGDECODE('Sind die Konfigurationen (Attribute und Werte) f\u00fcr EU/TS validiert?'), 'PO / LeadDev', NULL, 'Anfang Sprint', 'SVN /env/ts', NULL),
(6, NULL, 'Config IEU', STRINGDECODE('Sind Konfigwerte f\u00fcr IEU eingetragen?'), 'ST', NULL, 'Anfang Sprint', 'SVN /env/ieu', NULL),
(7, NULL, 'Config ITU', STRINGDECODE('Sind die Configs f\u00fcr die ITU vorbereitet?'), 'RM / ST', NULL, 'Ende Sprint', 'yaml und mehr', NULL),
(8, NULL, 'Abnahme IEU', STRINGDECODE('PO gibt OK f\u00fcr Userstory'), 'PO', NULL, 'Ende Sprint', 'Jira-Status/Review-Results', NULL),
(9, NULL, 'Integrationstest IEU', 'Autom. Technischer Smoke-Durchschstich', 'ITT', NULL, 'Ende Sprint', 'TMT?', NULL),
(10, NULL, STRINGDECODE('ITU-Umgebung verf\u00fcgbar'), 'Sind Alive Check-s erfolgreich? (ping etc.)', 'RM/ST', NULL, 'Mitte Sprint', 'Jenkins', NULL),
(11, NULL, STRINGDECODE('Deployment Ressourcen verf\u00fcgbar'), 'Wer muss zum Deployment vorort / erreichbar sein?', 'RM /RTE / SM', NULL, 'Mitte Sprint', 'Runbook', NULL),
(12, NULL, STRINGDECODE('CI/CD verf\u00fcgbar'), 'Jenkins Pipeline vorhanden und getestet?', 'ST', NULL, 'Mitte Sprint', 'Jenkins', NULL),
(13, NULL, STRINGDECODE('Testplan verf\u00fcgbar'), 'Liegt der Testplan inkl. Testdaten vor?', 'ITT', NULL, 'Ende Sprint', 'Wiki', NULL),
(14, NULL, 'Deploymentplan', 'Runbook', 'RM / RTE', NULL, 'Mitte Sprint', 'Runbook', NULL),
(15, NULL, 'Deployment-Freigabe', 'CAB Result', 'CAB', NULL, 'CAB Meeting', 'Handsup', NULL);           
CREATE CACHED TABLE PUBLIC.CHECK_RESULT(
    ID INT DEFAULT (NEXT VALUE FOR PUBLIC.SYSTEM_SEQUENCE_70EA1675_555B_4DD0_B839_9BE22C582AE7) NOT NULL NULL_TO_DEFAULT SEQUENCE PUBLIC.SYSTEM_SEQUENCE_70EA1675_555B_4DD0_B839_9BE22C582AE7,
    CHECK_ID DECIMAL(10, 0),
    DEPLOYMENT_ID DECIMAL(10, 0),
    RELEASE_ID DECIMAL(10, 0),
    COMPONENT_ID DECIMAL(10, 0) COMMENT 'Optional fuer ComponentCheckups (pre Artifactory)',
    RESULT DECIMAL(1, 0) COMMENT 'Code: -1 = Not checked (default),  0 = Nicht OK, 1 = Teilweise OK, 2 = Voll OK, 99 = Nicht beruecksichtigt, 10 = Create, 20 = Read, 30 = Update, 40 = Delete',
    REASON VARCHAR(2000) COMMENT 'Begruendung fuer das Ergebnis. Optional fuer OK, Pflicht fuer Nicht OK.'
);     
ALTER TABLE PUBLIC.CHECK_RESULT ADD CONSTRAINT PUBLIC.CONSTRAINT_29 PRIMARY KEY(ID);          
-- 0 +/- SELECT COUNT(*) FROM PUBLIC.CHECK_RESULT;            
CREATE CACHED TABLE PUBLIC.COMPONENT(
    ID INT DEFAULT (NEXT VALUE FOR PUBLIC.SYSTEM_SEQUENCE_8102AA49_5314_44BC_9FA2_6D420FB0998E) NOT NULL NULL_TO_DEFAULT SEQUENCE PUBLIC.SYSTEM_SEQUENCE_8102AA49_5314_44BC_9FA2_6D420FB0998E,
    PARENT_ID DECIMAL(10, 0) COMMENT 'Uebergeordnete Komponente',
    SHORT_NAME VARCHAR(8) COMMENT 'Kurzbezeichner',
    NAME VARCHAR(80) NOT NULL,
    PATH VARCHAR(500) COMMENT 'SVN Pfad',
    TECHNOLOGY VARCHAR(80) COMMENT 'CPP, Smalltalk, C, Angular, TIBCO, ...',
    TYPE VARCHAR(30) COMMENT 'Welche Art von Komponente liegt vor. Application- oder Service- oder System-Komponente.'
);            
ALTER TABLE PUBLIC.COMPONENT ADD CONSTRAINT PUBLIC.CONSTRAINT_5 PRIMARY KEY(ID);              
-- 25 +/- SELECT COUNT(*) FROM PUBLIC.COMPONENT;              
INSERT INTO PUBLIC.COMPONENT(ID, PARENT_ID, SHORT_NAME, NAME, PATH, TECHNOLOGY, TYPE) VALUES
(1, NULL, NULL, 'ClickAndRideApp', NULL, 'ANGULAR2', 'Application'),
(2, NULL, NULL, 'Belegung', NULL, 'CPP', 'Application'),
(3, NULL, NULL, 'EinzelbelegungMain', NULL, 'CPP', 'Application'),
(4, NULL, NULL, 'Konstruktion', NULL, 'CPP', 'Application'),
(5, NULL, NULL, 'Konstruktion_ConflictCheckerWorker', NULL, 'CPP', 'Application'),
(6, NULL, NULL, 'Konstruktion_RoutenSucheService', NULL, 'CPP', 'Application'),
(7, NULL, NULL, 'Konstruktion_VNIStorageWorker', NULL, 'CPP', 'Application'),
(8, NULL, NULL, 'Konstruktion_VNIWorker', NULL, 'CPP', 'Application'),
(9, NULL, NULL, 'ClickAndRideRESTService', NULL, 'JAVA', 'Application'),
(10, NULL, NULL, 'SpurplanKonBelAdapter', NULL, 'JAVA', 'Application'),
(11, NULL, NULL, 'ClickAndRide', NULL, 'SAG', 'Application'),
(12, NULL, NULL, 'ProzesseServices', NULL, 'SAG', 'Application'),
(13, NULL, NULL, 'RuT-K', NULL, 'SMALLTALK', 'Application'),
(14, NULL, NULL, 'ClaimService', NULL, 'TIBCO', 'Service'),
(15, NULL, NULL, 'Infrastrukturverwaltung', NULL, 'TIBCO', 'Service'),
(16, NULL, NULL, 'ParameterSuche', NULL, 'TIBCO', 'Service'),
(17, NULL, NULL, 'ParameterVerwaltung', NULL, 'TIBCO', 'Service'),
(18, NULL, NULL, 'Routensuche', NULL, 'TIBCO', 'Service'),
(19, NULL, NULL, 'StammdatenBereitstellung', NULL, 'TIBCO', 'Service'),
(20, NULL, NULL, 'SystemtrassenAnforderungsVerwaltung', NULL, 'TIBCO', 'Service'),
(21, NULL, NULL, 'SzenarioVerwaltung', NULL, 'TIBCO', 'Service'),
(22, NULL, NULL, 'TPPuEMockPartners', NULL, 'TIBCO', 'Service'),
(23, NULL, NULL, 'TrassenProduktPruefenUndErgaenzen', NULL, 'TIBCO', 'Service'),
(24, NULL, NULL, 'TrassenVerwaltung', NULL, 'TIBCO', 'Service'),
(25, NULL, NULL, 'SharedFiles', NULL, 'TIBCO', 'Application');       
CREATE CACHED TABLE PUBLIC.CONFIGURATION(
    ID INT DEFAULT (NEXT VALUE FOR PUBLIC.SYSTEM_SEQUENCE_C7684DCA_E9F6_4EF8_BB8E_B61781BF9E88) NOT NULL NULL_TO_DEFAULT SEQUENCE PUBLIC.SYSTEM_SEQUENCE_C7684DCA_E9F6_4EF8_BB8E_B61781BF9E88,
    PARENT_ID DECIMAL(10, 0) COMMENT 'Uebergeordnetes Element.',
    COMPONENT_ID DECIMAL(10, 0),
    ENVIRONMENT_ID DECIMAL(10, 0),
    KEY VARCHAR(80) COMMENT 'Attributbezeichner',
    VALUE VARCHAR(2000) COMMENT 'Attributwert',
    TOKEN VARCHAR(80) COMMENT 'Tokenbezeichner',
    DESCRIPTION VARCHAR(2000) COMMENT 'Beschreibung des Key / Value Paares',
    TYPE VARCHAR(30) COMMENT 'Attributtyp'
);         
ALTER TABLE PUBLIC.CONFIGURATION ADD CONSTRAINT PUBLIC.CONSTRAINT_2C PRIMARY KEY(ID);         
-- 0 +/- SELECT COUNT(*) FROM PUBLIC.CONFIGURATION;           
CREATE CACHED TABLE PUBLIC.DEPENDENCY(
    ID INT DEFAULT (NEXT VALUE FOR PUBLIC.SYSTEM_SEQUENCE_DDBA42AF_C355_4354_A8A4_823F45C88397) NOT NULL NULL_TO_DEFAULT SEQUENCE PUBLIC.SYSTEM_SEQUENCE_DDBA42AF_C355_4354_A8A4_823F45C88397,
    PACKAGE_ID DECIMAL(10, 0),
    TYPE VARCHAR(50) COMMENT 'Definiert den Beziehungstyp zwischen Source und Target.'
);            
ALTER TABLE PUBLIC.DEPENDENCY ADD CONSTRAINT PUBLIC.CONSTRAINT_1B PRIMARY KEY(ID);            
-- 0 +/- SELECT COUNT(*) FROM PUBLIC.DEPENDENCY;              
CREATE CACHED TABLE PUBLIC.DEPLOYMENT(
    ID INT DEFAULT (NEXT VALUE FOR PUBLIC.SYSTEM_SEQUENCE_613ECE2E_6BD1_406B_A7B7_4F664B425FDD) NOT NULL NULL_TO_DEFAULT SEQUENCE PUBLIC.SYSTEM_SEQUENCE_613ECE2E_6BD1_406B_A7B7_4F664B425FDD,
    RELEASE_ID DECIMAL(10, 0) COMMENT 'Relation zu einem Release',
    ENVIRONMENT_ID DECIMAL(10, 0) COMMENT 'Relation zu einer Umgebung',
    DUE DATETIME COMMENT 'Zieltermin einer Lieferung',
    STATE VARCHAR(30) COMMENT 'Status einer Lieferung: Planned, Done',
    TYPE VARCHAR(30) COMMENT 'Automatisch, Manuell'
);  
ALTER TABLE PUBLIC.DEPLOYMENT ADD CONSTRAINT PUBLIC.CONSTRAINT_9 PRIMARY KEY(ID);             
-- 0 +/- SELECT COUNT(*) FROM PUBLIC.DEPLOYMENT;              
CREATE CACHED TABLE PUBLIC.EDIT(
    ID INT DEFAULT (NEXT VALUE FOR PUBLIC.SYSTEM_SEQUENCE_B70B8538_0C11_4104_9598_01BA2CBD572F) NOT NULL NULL_TO_DEFAULT SEQUENCE PUBLIC.SYSTEM_SEQUENCE_B70B8538_0C11_4104_9598_01BA2CBD572F,
    REF_ID DECIMAL(10, 0) COMMENT 'Zeile in einer anderen Tabelle (REF_ENTITY).',
    REF_ENTITY VARCHAR(50) COMMENT 'Auf welche Tabelle bezieht sich die REF_ID.',
    FIRST_EDIT DATETIME(6) COMMENT 'Wann wurde der Datensatz erstmalig angelegt.',
    FIRST_EDITOR_ID DECIMAL(10, 0) COMMENT 'Wer hat den Datensatz erstmalig angelegt',
    LAST_EDIT DATETIME(6) COMMENT 'Wann wurde der Datensatz zuletzt geaendert.',
    LAST_EDITOR_ID DECIMAL(10, 0) COMMENT 'Von wem wurde der Datensatz zuletzt geaendert.'
);          
ALTER TABLE PUBLIC.EDIT ADD CONSTRAINT PUBLIC.CONSTRAINT_20 PRIMARY KEY(ID);  
-- 0 +/- SELECT COUNT(*) FROM PUBLIC.EDIT;    
CREATE CACHED TABLE PUBLIC.EDITOR(
    ID INT DEFAULT (NEXT VALUE FOR PUBLIC.SYSTEM_SEQUENCE_983A7149_C738_4D8F_8FAB_B86C98160684) NOT NULL NULL_TO_DEFAULT SEQUENCE PUBLIC.SYSTEM_SEQUENCE_983A7149_C738_4D8F_8FAB_B86C98160684,
    NAME VARCHAR(8),
    SURNAME VARCHAR(255),
    EMAIL VARCHAR(255),
    BIRTHDAY DATETIME COMMENT 'Einfacher Login mit Email und Geburtstag.'
);   
ALTER TABLE PUBLIC.EDITOR ADD CONSTRAINT PUBLIC.CONSTRAINT_79 PRIMARY KEY(ID);
-- 0 +/- SELECT COUNT(*) FROM PUBLIC.EDITOR;  
CREATE CACHED TABLE PUBLIC.ENVIRONMENT(
    ID INT DEFAULT (NEXT VALUE FOR PUBLIC.SYSTEM_SEQUENCE_67E8645A_3F87_4C1F_B6E8_92B6D01BD92A) NOT NULL NULL_TO_DEFAULT SEQUENCE PUBLIC.SYSTEM_SEQUENCE_67E8645A_3F87_4C1F_B6E8_92B6D01BD92A,
    SHORT_NAME VARCHAR(8) NOT NULL COMMENT 'Kurzbezeichnung der Umgebung, z.b. EU, IEU, ITU, ABN, PRD, ...',
    NAME VARCHAR(255) NOT NULL COMMENT 'Ausfuehrliche Bezeichnung z.b. Integrierte Testumgebung.',
    STATE VARCHAR(30) COMMENT 'Status der Umgebung: active, inactive',
    TYPE VARCHAR(30) COMMENT 'Typ der Umgebung: Bare Metal, VM, Docker, AMI, ...'
);      
ALTER TABLE PUBLIC.ENVIRONMENT ADD CONSTRAINT PUBLIC.CONSTRAINT_7B PRIMARY KEY(ID);           
-- 11 +/- SELECT COUNT(*) FROM PUBLIC.ENVIRONMENT;            
INSERT INTO PUBLIC.ENVIRONMENT(ID, SHORT_NAME, NAME, STATE, TYPE) VALUES
(1, 'LEU1', STRINGDECODE('Lokale Entwicklungsumgebung f\u00fcr Anwendungsfall ABC'), 'planned', 'Docker'),
(2, 'LEU2', STRINGDECODE('Lokale Entwicklungsumgebung f\u00fcr Anwendungsfall DEF'), 'planned', 'Docker'),
(3, 'LEU3', STRINGDECODE('Lokale Entwicklungsumgebung f\u00fcr Anwendungsfall XYZ'), 'planned', 'AwsAmi'),
(4, 'EU', STRINGDECODE('Prim\u00e4re Entwicklungsumgebung'), 'live', 'VM'),
(5, 'IEU', 'Integrierte Entwicklungsumgebung', 'live', 'VM'),
(6, 'ITU', 'Integrierte Testumgebung', 'live', 'Hybrid'),
(7, 'ITU2', 'Schattenbetrieb', 'planned', 'na'),
(8, 'LUP', STRINGDECODE('Umgebung f\u00fcr NFA Tests, wie Pen oder LuP'), 'planned', 'na'),
(9, 'UAT', 'Abnahmeumgebung', 'planned', 'na'),
(10, 'WAU', 'Wartungsumgebung', 'planned', 'na'),
(11, 'PRD', 'Produktionsumgebung', 'planned', 'na');  
CREATE CACHED TABLE PUBLIC.HYPERLINK(
    ID INT DEFAULT (NEXT VALUE FOR PUBLIC.SYSTEM_SEQUENCE_EE040446_9B32_40C9_82DC_36B01A280A5B) NOT NULL NULL_TO_DEFAULT SEQUENCE PUBLIC.SYSTEM_SEQUENCE_EE040446_9B32_40C9_82DC_36B01A280A5B,
    TITLE VARCHAR(80) COMMENT 'Titel der angezeigt wird.',
    URL VARCHAR(255),
    DESCRIPTION VARCHAR(512) COMMENT 'Text fuer z.b. Tooltips',
    COMPONENT_ID DECIMAL(10, 0),
    DEPLOYMENT_ID DECIMAL(10, 0),
    ENVIRONMENT_ID DECIMAL(10, 0),
    NOTE_ENTRY_ID DECIMAL(10, 0),
    PACKAGE_ID DECIMAL(10, 0),
    RELEASE_ID DECIMAL(10, 0)
);      
ALTER TABLE PUBLIC.HYPERLINK ADD CONSTRAINT PUBLIC.CONSTRAINT_D PRIMARY KEY(ID);              
-- 1 +/- SELECT COUNT(*) FROM PUBLIC.HYPERLINK;               
INSERT INTO PUBLIC.HYPERLINK(ID, TITLE, URL, DESCRIPTION, COMPONENT_ID, DEPLOYMENT_ID, ENVIRONMENT_ID, NOTE_ENTRY_ID, PACKAGE_ID, RELEASE_ID) VALUES
(1, 'Homepage', 'http://www.web.de', 'Lorem Ipsum Dolorem', NULL, NULL, NULL, NULL, NULL, 1);           
CREATE CACHED TABLE PUBLIC.NOTE(
    ID INT DEFAULT (NEXT VALUE FOR PUBLIC.SYSTEM_SEQUENCE_FAFD2203_A2E0_4754_AE38_04FF79BB9C08) NOT NULL NULL_TO_DEFAULT SEQUENCE PUBLIC.SYSTEM_SEQUENCE_FAFD2203_A2E0_4754_AE38_04FF79BB9C08,
    RELEASE_ID DECIMAL(10, 0),
    COMPONENT_ID DECIMAL(10, 0),
    ARTEFACT_NAME VARCHAR(80),
    ARTEFACT_TYPE VARCHAR(30),
    ARTEFACT_VERSION VARCHAR(30),
    DESCRIPTION VARCHAR(4000)
);      
ALTER TABLE PUBLIC.NOTE ADD CONSTRAINT PUBLIC.CONSTRAINT_24 PRIMARY KEY(ID);  
-- 0 +/- SELECT COUNT(*) FROM PUBLIC.NOTE;    
CREATE CACHED TABLE PUBLIC.NOTE_ENTRY(
    ID INT DEFAULT (NEXT VALUE FOR PUBLIC.SYSTEM_SEQUENCE_12D585AC_11F2_4E78_9787_1D79204E57F4) NOT NULL NULL_TO_DEFAULT SEQUENCE PUBLIC.SYSTEM_SEQUENCE_12D585AC_11F2_4E78_9787_1D79204E57F4,
    NOTE_ID DECIMAL(10, 0) NOT NULL,
    DESCRIPTION VARCHAR(2000),
    TICKET VARCHAR(80),
    TYPE VARCHAR(30) COMMENT 'Story,Bugfix,Limitation'
);             
ALTER TABLE PUBLIC.NOTE_ENTRY ADD CONSTRAINT PUBLIC.CONSTRAINT_2D PRIMARY KEY(ID);            
-- 0 +/- SELECT COUNT(*) FROM PUBLIC.NOTE_ENTRY;              
CREATE CACHED TABLE PUBLIC.PACKAGE(
    ID INT DEFAULT (NEXT VALUE FOR PUBLIC.SYSTEM_SEQUENCE_EED936D8_B2C0_45FF_9C43_0B0888421E0E) NOT NULL NULL_TO_DEFAULT SEQUENCE PUBLIC.SYSTEM_SEQUENCE_EED936D8_B2C0_45FF_9C43_0B0888421E0E,
    COMPONENT_ID DECIMAL(10, 0),
    VERSION VARCHAR(30) NOT NULL COMMENT 'Die Package Version wird aus der Component-Version plus Jenkins Build-ID zusammengesetzt.',
    PATH VARCHAR(255) COMMENT 'Artifactory Path',
    TYPE VARCHAR(30) COMMENT 'Zum Beispiel: RPM, NPM, JAR, JMOD, ZIP'
);    
ALTER TABLE PUBLIC.PACKAGE ADD CONSTRAINT PUBLIC.CONSTRAINT_F PRIMARY KEY(ID);
-- 0 +/- SELECT COUNT(*) FROM PUBLIC.PACKAGE; 
CREATE CACHED TABLE PUBLIC.PACKAGE_COCKPIT_TIMESERIES(
    ID INT DEFAULT (NEXT VALUE FOR PUBLIC.SYSTEM_SEQUENCE_55474BB1_BB87_4169_AA62_0A5274018D2D) NOT NULL NULL_TO_DEFAULT SEQUENCE PUBLIC.SYSTEM_SEQUENCE_55474BB1_BB87_4169_AA62_0A5274018D2D,
    REPORT_ID VARCHAR(40) NOT NULL,
    REPORT_DATE DATETIME NOT NULL COMMENT 'Datum und Zeitpunkt der Jenkins Abfrage',
    REPORT_ENV VARCHAR(8) COMMENT 'Falls Umgebung fuer diesen Report eindeutig, kann dieses Feld befuellt werden.',
    JENKINS_PROJECT VARCHAR(50) COMMENT 'Name des Jenkins Projekt. Idealerweise identisch mit dem Komponenten-Namen in /km/dependencies',
    JENKINS_TECHNOLOGY VARCHAR(50) COMMENT 'Welche Technologie wurde ermittelt.',
    JENKINS_JOB VARCHAR(50) COMMENT 'Name des Jenkins-Job der ausgefuert wurde',
    JENKINS_BUILD_ID VARCHAR(50) COMMENT 'Build ID des Jenkins-Job. Sollte zudem der Namens-Suffix des Artifactory Paketes sein',
    JENKINS_BUILD_DATE DATETIME COMMENT 'Datum und Zeitpunkt des Jenkins Build'
);
ALTER TABLE PUBLIC.PACKAGE_COCKPIT_TIMESERIES ADD CONSTRAINT PUBLIC.CONSTRAINT_D1 PRIMARY KEY(ID);            
-- 0 +/- SELECT COUNT(*) FROM PUBLIC.PACKAGE_COCKPIT_TIMESERIES;              
CREATE CACHED TABLE PUBLIC.RELEASE(
    ID INT DEFAULT (NEXT VALUE FOR PUBLIC.SYSTEM_SEQUENCE_45AD9F58_2425_4AB9_80E2_80F9E5033FC6) NOT NULL NULL_TO_DEFAULT SEQUENCE PUBLIC.SYSTEM_SEQUENCE_45AD9F58_2425_4AB9_80E2_80F9E5033FC6,
    NAME VARCHAR(80) NOT NULL,
    STATE VARCHAR(30) COMMENT 'Status eines Release, z.b. Created, Assigned, Checked, Approved, Delivered, Live, Postponed, ...',
    TYPE VARCHAR(30) COMMENT 'Hotfix, Release'
);    
ALTER TABLE PUBLIC.RELEASE ADD CONSTRAINT PUBLIC.CONSTRAINT_6 PRIMARY KEY(ID);
-- 2 +/- SELECT COUNT(*) FROM PUBLIC.RELEASE; 
INSERT INTO PUBLIC.RELEASE(ID, NAME, STATE, TYPE) VALUES
(1, 'Coconut 62', 'Created', 'Release'),
(2, 'Coconut 61', 'Created', 'Release');  
CREATE CACHED TABLE PUBLIC.RELEASE_PACKAGE(
    ID INT DEFAULT (NEXT VALUE FOR PUBLIC.SYSTEM_SEQUENCE_52EDEADC_4109_41E5_A402_627794E7B127) NOT NULL NULL_TO_DEFAULT SEQUENCE PUBLIC.SYSTEM_SEQUENCE_52EDEADC_4109_41E5_A402_627794E7B127,
    PACKAGE_ID DECIMAL(10, 0),
    RELEASE_ID DECIMAL(10, 0),
    STATE VARCHAR(30) COMMENT 'Status eines ReleasePackage, z.b.: Assigned, Deployed, Retired'
);               
ALTER TABLE PUBLIC.RELEASE_PACKAGE ADD CONSTRAINT PUBLIC.CONSTRAINT_A PRIMARY KEY(ID);        
-- 0 +/- SELECT COUNT(*) FROM PUBLIC.RELEASE_PACKAGE;         
ALTER TABLE PUBLIC.ROLE ADD CONSTRAINT PUBLIC.ROLE_UNIQUE_1 UNIQUE(ROLE_NAME);
ALTER TABLE PUBLIC.ENVIRONMENT ADD CONSTRAINT PUBLIC.UQ_SHORT UNIQUE(SHORT_NAME);             
ALTER TABLE PUBLIC.RELEASE ADD CONSTRAINT PUBLIC.UQ_NAME UNIQUE(NAME);        
ALTER TABLE PUBLIC.PASSPORT ADD CONSTRAINT PUBLIC.HOLDER_FK_UNIQUE UNIQUE(HOLDER_ID);         
ALTER TABLE PUBLIC.USER ADD CONSTRAINT PUBLIC.USER_UNIQUE_1 UNIQUE(LOGIN);    
ALTER TABLE PUBLIC.DEPENDENCY ADD CONSTRAINT PUBLIC.FK_DEPENDENCY_PACKAGE FOREIGN KEY(PACKAGE_ID) REFERENCES PUBLIC.PACKAGE(ID) NOCHECK;      
ALTER TABLE PUBLIC.HYPERLINK ADD CONSTRAINT PUBLIC.FK_HYPERLINK_DEPLOYMENT FOREIGN KEY(DEPLOYMENT_ID) REFERENCES PUBLIC.DEPLOYMENT(ID) NOCHECK;               
ALTER TABLE PUBLIC.CHECK_RESULT ADD CONSTRAINT PUBLIC.FK_CHECK_RESULT_RELEASE FOREIGN KEY(RELEASE_ID) REFERENCES PUBLIC.RELEASE(ID) NOCHECK;  
ALTER TABLE PUBLIC.HYPERLINK ADD CONSTRAINT PUBLIC.FK_HYPERLINK_PACKAGE FOREIGN KEY(PACKAGE_ID) REFERENCES PUBLIC.PACKAGE(ID) NOCHECK;        
ALTER TABLE PUBLIC.CONFIGURATION ADD CONSTRAINT PUBLIC.FK_CONFIGURATION_CONFIGURATION FOREIGN KEY(PARENT_ID) REFERENCES PUBLIC.CONFIGURATION(ID) NOCHECK;     
ALTER TABLE PUBLIC.CONFIGURATION ADD CONSTRAINT PUBLIC.FK_CONFIGURATION_COMPONENT FOREIGN KEY(COMPONENT_ID) REFERENCES PUBLIC.COMPONENT(ID) NOCHECK;          
ALTER TABLE PUBLIC.HYPERLINK ADD CONSTRAINT PUBLIC.FK_HYPERLINK_NOTE_ENTRY FOREIGN KEY(NOTE_ENTRY_ID) REFERENCES PUBLIC.NOTE_ENTRY(ID) NOCHECK;               
ALTER TABLE PUBLIC.DEPLOYMENT ADD CONSTRAINT PUBLIC.FK_DEPLOYMENTS_ENVIRONMENTS FOREIGN KEY(ENVIRONMENT_ID) REFERENCES PUBLIC.ENVIRONMENT(ID) NOCHECK;        
ALTER TABLE PUBLIC.EDIT ADD CONSTRAINT PUBLIC.FK_EDITS_EDITORS FOREIGN KEY(ID) REFERENCES PUBLIC.EDITOR(ID) NOCHECK;          
ALTER TABLE PUBLIC.DEPLOYMENT ADD CONSTRAINT PUBLIC.FK_DEPLOYMENTS_RELEASES FOREIGN KEY(RELEASE_ID) REFERENCES PUBLIC.RELEASE(ID) NOCHECK;    
ALTER TABLE PUBLIC.CONFIGURATION ADD CONSTRAINT PUBLIC.FK_CONFIGURATION_ENVIRONMENT FOREIGN KEY(ENVIRONMENT_ID) REFERENCES PUBLIC.ENVIRONMENT(ID) NOCHECK;    
ALTER TABLE PUBLIC.PASSPORT ADD CONSTRAINT PUBLIC.HOLDER_FK FOREIGN KEY(HOLDER_ID) REFERENCES PUBLIC.USER(ID) NOCHECK;        
ALTER TABLE PUBLIC.HYPERLINK ADD CONSTRAINT PUBLIC.FK_HYPERLINK_RELEASE FOREIGN KEY(RELEASE_ID) REFERENCES PUBLIC.RELEASE(ID) NOCHECK;        
ALTER TABLE PUBLIC.CHECK_RESULT ADD CONSTRAINT PUBLIC.FK_CHECKRESULTS_CHECKS FOREIGN KEY(CHECK_ID) REFERENCES PUBLIC.CHECK(ID) NOCHECK;       
ALTER TABLE PUBLIC.USER_ROLE ADD CONSTRAINT PUBLIC.USER_ROLE_FK_1 FOREIGN KEY(USER_ID) REFERENCES PUBLIC.USER(ID) NOCHECK;    
ALTER TABLE PUBLIC.USER_ROLE ADD CONSTRAINT PUBLIC.USER_ROLE_FK_2 FOREIGN KEY(ROLE_ID) REFERENCES PUBLIC.ROLE(ID) NOCHECK;    
ALTER TABLE PUBLIC.AUTHOR ADD CONSTRAINT PUBLIC.ACCOUNT_FK_1 FOREIGN KEY(FAVORITE_AUTHOR_ID) REFERENCES PUBLIC.AUTHOR(ID) NOCHECK;            
ALTER TABLE PUBLIC.BOOK ADD CONSTRAINT PUBLIC.BOOK_FK_1 FOREIGN KEY(AUTHOR_ID) REFERENCES PUBLIC.AUTHOR(ID) NOCHECK;          
ALTER TABLE PUBLIC.RELEASE_PACKAGE ADD CONSTRAINT PUBLIC.FK_RELEASE_PACKAGES_PACKAGES FOREIGN KEY(ID) REFERENCES PUBLIC.PACKAGE(ID) NOCHECK;  
ALTER TABLE PUBLIC.BOOK ADD CONSTRAINT PUBLIC.BOOK_FK_2 FOREIGN KEY(CO_AUTHOR_ID) REFERENCES PUBLIC.AUTHOR(ID) NOCHECK;       
ALTER TABLE PUBLIC.RELEASE_PACKAGE ADD CONSTRAINT PUBLIC.FK_RELEASE_PACKAGES_RELEASES FOREIGN KEY(ID) REFERENCES PUBLIC.RELEASE(ID) NOCHECK;  
ALTER TABLE PUBLIC.HYPERLINK ADD CONSTRAINT PUBLIC.FK_HYPERLINK_ENVIRONMENT FOREIGN KEY(ENVIRONMENT_ID) REFERENCES PUBLIC.ENVIRONMENT(ID) NOCHECK;            
ALTER TABLE PUBLIC.HYPERLINK ADD CONSTRAINT PUBLIC.FK_HYPERLINK_COMPONENT FOREIGN KEY(COMPONENT_ID) REFERENCES PUBLIC.COMPONENT(ID) NOCHECK;  
ALTER TABLE PUBLIC.PROJECT ADD CONSTRAINT PUBLIC.PROJECT_FK_1 FOREIGN KEY(AUTHOR_ID) REFERENCES PUBLIC.AUTHOR(ID) NOCHECK;    
ALTER TABLE PUBLIC.COMPONENT ADD CONSTRAINT PUBLIC.FK_COMPONENT_COMPONENT FOREIGN KEY(PARENT_ID) REFERENCES PUBLIC.COMPONENT(ID) NOCHECK;     
ALTER TABLE PUBLIC.NOTE ADD CONSTRAINT PUBLIC.FK_NOTE_RELEASE FOREIGN KEY(RELEASE_ID) REFERENCES PUBLIC.RELEASE(ID) NOCHECK;  
ALTER TABLE PUBLIC.NOTE_ENTRY ADD CONSTRAINT PUBLIC.FK_NOTE_ENTRY_NOTE FOREIGN KEY(NOTE_ID) REFERENCES PUBLIC.NOTE(ID) NOCHECK;               
ALTER TABLE PUBLIC.CHECK_RESULT ADD CONSTRAINT PUBLIC.FK_CHECKRESULTS_DEPLOYMENTS FOREIGN KEY(DEPLOYMENT_ID) REFERENCES PUBLIC.DEPLOYMENT(ID) NOCHECK;        
ALTER TABLE PUBLIC.NOTE ADD CONSTRAINT PUBLIC.FK_NOTE_COMPONENT FOREIGN KEY(COMPONENT_ID) REFERENCES PUBLIC.COMPONENT(ID) NOCHECK;            
ALTER TABLE PUBLIC.CHECK_RESULT ADD CONSTRAINT PUBLIC.FK_CHECKRESULTS_COMPONENTS FOREIGN KEY(COMPONENT_ID) REFERENCES PUBLIC.COMPONENT(ID) NOCHECK;           
